subpath	name	kinds	value_export	type_export	value_call_signature_count	type_call_signature_count	constructor_signature_count	direct_member_count	declaration_files
.	Action	typeAlias	false	true	0	1	0	0	@genkit-ai/core/lib/action-B8ZNjCZm.d.ts
.	ActionContext	interface	false	true	0	0	0	2	@genkit-ai/core/lib/context.d.ts
.	ActionMetadata	interface	false	true	0	0	0	9	@genkit-ai/core/lib/action-B8ZNjCZm.d.ts
.	BaseDataPointSchema	variable	true	false	0	0	0	0	@genkit-ai/ai/lib/evaluator.d.ts
.	Chat	class	true	true	0	0	1	10	@genkit-ai/ai/lib/session.d.ts
.	defineJsonSchema	function	true	false	1	0	0	0	@genkit-ai/core/lib/action-B8ZNjCZm.d.ts
.	defineSchema	function	true	false	1	0	0	0	@genkit-ai/core/lib/action-B8ZNjCZm.d.ts
.	Document	class	true	true	0	0	1	12	@genkit-ai/ai/lib/document-SEV6zxye.d.ts
.	DocumentData	typeAlias	false	true	0	0	0	0	@genkit-ai/ai/lib/document-SEV6zxye.d.ts
.	DocumentDataSchema	variable	true	false	0	0	0	0	@genkit-ai/ai/lib/document-SEV6zxye.d.ts
.	DynamicActionProviderAction	typeAlias	false	true	0	1	0	0	@genkit-ai/core/lib/dynamic-action-provider.d.ts
.	dynamicResource	function	true	false	1	0	0	0	@genkit-ai/ai/lib/resource.d.ts
.	DynamicResourceAction	typeAlias	false	true	0	1	0	0	@genkit-ai/ai/lib/resource.d.ts
.	dynamicTool	function	true	false	1	0	0	0	@genkit-ai/ai/lib/generate-3xWOiUzB.d.ts
.	EmbedderAction	typeAlias	false	true	0	1	0	0	@genkit-ai/ai/lib/document-SEV6zxye.d.ts
.	embedderActionMetadata	function	true	false	1	0	0	0	@genkit-ai/ai/lib/document-SEV6zxye.d.ts
.	EmbedderArgument	typeAlias	false	true	0	0	0	0	@genkit-ai/ai/lib/document-SEV6zxye.d.ts
.	EmbedderInfo	typeAlias	false	true	0	0	0	0	@genkit-ai/ai/lib/document-SEV6zxye.d.ts
.	EmbedderParams	interface	false	true	0	0	0	4	@genkit-ai/ai/lib/document-SEV6zxye.d.ts
.	embedderRef	function	true	false	1	0	0	0	@genkit-ai/ai/lib/document-SEV6zxye.d.ts
.	EmbedderReference	interface	false	true	0	0	0	5	@genkit-ai/ai/lib/document-SEV6zxye.d.ts
.	Embedding	typeAlias	false	true	0	0	0	0	@genkit-ai/ai/lib/document-SEV6zxye.d.ts
.	EvalResponses	typeAlias	false	true	0	0	0	0	@genkit-ai/ai/lib/evaluator.d.ts
.	EvaluatorAction	typeAlias	false	true	0	1	0	0	@genkit-ai/ai/lib/evaluator.d.ts
.	EvaluatorInfo	typeAlias	false	true	0	0	0	0	@genkit-ai/ai/lib/evaluator.d.ts
.	EvaluatorParams	interface	false	true	0	0	0	4	@genkit-ai/ai/lib/evaluator.d.ts
.	evaluatorRef	function	true	false	1	0	0	0	@genkit-ai/ai/lib/evaluator.d.ts
.	EvaluatorReference	interface	false	true	0	0	0	3	@genkit-ai/ai/lib/evaluator.d.ts
.	ExecutablePrompt	interface	false	true	0	1	0	5	@genkit-ai/ai/lib/generate-3xWOiUzB.d.ts
.	Flow	interface	false	true	0	1	0	0	@genkit-ai/core/lib/flow.d.ts
.	FlowConfig	interface	false	true	0	0	0	5	@genkit-ai/core/lib/flow.d.ts
.	FlowFn	typeAlias	false	true	0	1	0	0	@genkit-ai/core/lib/flow.d.ts
.	FlowSideChannel	interface	false	true	0	1	0	1	@genkit-ai/core/lib/flow.d.ts
.	GenerateOptions	interface	false	true	0	0	0	20	@genkit-ai/ai/lib/generate-3xWOiUzB.d.ts
.	GenerateRequest	interface	false	true	0	0	0	1	@genkit-ai/ai/lib/model-types.d.ts
.	GenerateRequestData	typeAlias	false	true	0	0	0	0	@genkit-ai/ai/lib/model-types.d.ts
.	GenerateResponse	class	true	true	0	0	1	23	@genkit-ai/ai/lib/generate/response.d.ts
.	GenerateResponseChunk	class	true	true	0	0	1	16	@genkit-ai/ai/lib/generate/chunk.d.ts
.	GenerateResponseChunkData	typeAlias	false	true	0	0	0	0	@genkit-ai/ai/lib/model-types.d.ts
.	GenerateResponseData	typeAlias	false	true	0	0	0	0	@genkit-ai/ai/lib/model-types.d.ts
.	GenerateStreamOptions	typeAlias	false	true	0	0	0	0	@genkit-ai/ai/lib/generate-3xWOiUzB.d.ts
.	GenerateStreamResponse	interface	false	true	0	0	0	2	@genkit-ai/ai/lib/generate-3xWOiUzB.d.ts
.	GenerationBlockedError	class	true	true	0	0	1	0	@genkit-ai/ai/lib/generate-3xWOiUzB.d.ts
.	GenerationCommonConfigSchema	variable	true	false	0	0	0	0	@genkit-ai/ai/lib/model-types.d.ts
.	GenerationResponseError	class	true	true	0	0	1	2	@genkit-ai/ai/lib/generate-3xWOiUzB.d.ts
.	GenerationUsage	typeAlias	false	true	0	0	0	0	@genkit-ai/ai/lib/model-types.d.ts
.	genkit	function	true	false	1	0	0	0	genkit/lib/index-Cd4YWqZH.d.ts
.	Genkit	class	true	true	0	0	1	44	genkit/lib/index-Cd4YWqZH.d.ts
.	GENKIT_CLIENT_HEADER	variable	true	false	0	0	0	0	@genkit-ai/core/lib/index.d.ts
.	GENKIT_VERSION	variable	true	false	0	0	0	0	@genkit-ai/core/lib/index.d.ts
.	GenkitError	class	true	true	0	0	1	7	@genkit-ai/core/lib/action-B8ZNjCZm.d.ts
.	GenkitOptions	interface	false	true	0	0	0	6	genkit/lib/index-Cd4YWqZH.d.ts
.	getClientHeader	function	true	false	1	0	0	0	@genkit-ai/core/lib/index.d.ts
.	getCurrentEnv	function	true	false	1	0	0	0	@genkit-ai/core/lib/utils.d.ts
.	getStreamingCallback	function	true	false	1	0	0	0	@genkit-ai/core/lib/action-B8ZNjCZm.d.ts
.	IndexerAction	typeAlias	false	true	0	1	0	0	@genkit-ai/ai/lib/retriever.d.ts
.	IndexerArgument	typeAlias	false	true	0	0	0	0	@genkit-ai/ai/lib/retriever.d.ts
.	IndexerInfo	typeAlias	false	true	0	0	0	0	@genkit-ai/ai/lib/retriever.d.ts
.	IndexerParams	interface	false	true	0	0	0	3	@genkit-ai/ai/lib/retriever.d.ts
.	indexerRef	function	true	false	1	0	0	0	@genkit-ai/ai/lib/retriever.d.ts
.	IndexerReference	interface	false	true	0	0	0	3	@genkit-ai/ai/lib/retriever.d.ts
.	InterruptConfig	typeAlias	false	true	0	0	0	0	@genkit-ai/ai/lib/generate-3xWOiUzB.d.ts
.	isDevEnv	function	true	false	1	0	0	0	@genkit-ai/core/lib/utils.d.ts
.	JSONSchema	typeAlias	false	true	0	0	0	0	@genkit-ai/core/lib/action-B8ZNjCZm.d.ts
.	JSONSchema7	interface	false	true	0	0	0	47	@types/json-schema/index.d.ts
.	LlmResponse	typeAlias	false	true	0	0	0	0	@genkit-ai/ai/lib/types.d.ts
.	LlmResponseSchema	variable	true	false	0	0	0	0	@genkit-ai/ai/lib/types.d.ts
.	LlmStats	typeAlias	false	true	0	0	0	0	@genkit-ai/ai/lib/types.d.ts
.	LlmStatsSchema	variable	true	false	0	0	0	0	@genkit-ai/ai/lib/types.d.ts
.	MediaPart	typeAlias	false	true	0	0	0	0	@genkit-ai/ai/lib/document-SEV6zxye.d.ts
.	Message	class	true	true	0	0	1	17	@genkit-ai/ai/lib/message.d.ts
.	MessageData	typeAlias	false	true	0	0	0	0	@genkit-ai/ai/lib/model-types.d.ts
.	MessageSchema	variable	true	false	0	0	0	0	@genkit-ai/ai/lib/model-types.d.ts
.	Middleware	typeAlias	false	true	0	1	0	0	@genkit-ai/core/lib/action-B8ZNjCZm.d.ts
.	modelActionMetadata	function	true	false	1	0	0	0	@genkit-ai/ai/lib/model-BBzPDrC1.d.ts
.	ModelArgument	typeAlias	false	true	0	0	0	0	@genkit-ai/ai/lib/model-BBzPDrC1.d.ts
.	modelRef	function	true	false	1	0	0	0	@genkit-ai/ai/lib/model-BBzPDrC1.d.ts
.	ModelReference	interface	false	true	0	0	0	7	@genkit-ai/ai/lib/model-BBzPDrC1.d.ts
.	ModelRequest	interface	false	true	0	0	0	1	@genkit-ai/ai/lib/model-types.d.ts
.	ModelRequestSchema	variable	true	false	0	0	0	0	@genkit-ai/ai/lib/model-types.d.ts
.	ModelResponseData	typeAlias	false	true	0	0	0	0	@genkit-ai/ai/lib/model-types.d.ts
.	ModelResponseSchema	variable	true	false	0	0	0	0	@genkit-ai/ai/lib/model-types.d.ts
.	Operation	interface	false	true	0	0	0	6	@genkit-ai/core/lib/action-B8ZNjCZm.d.ts
.	OperationSchema	variable	true	false	0	0	0	0	@genkit-ai/core/lib/action-B8ZNjCZm.d.ts
.	OutputOptions	interface	false	true	0	0	0	6	@genkit-ai/ai/lib/generate-3xWOiUzB.d.ts
.	Part	typeAlias	false	true	0	0	0	0	@genkit-ai/ai/lib/model-types.d.ts
.	PartSchema	variable	true	false	0	0	0	0	@genkit-ai/ai/lib/model-types.d.ts
.	PromptAction	typeAlias	false	true	0	1	0	0	@genkit-ai/ai/lib/generate-3xWOiUzB.d.ts
.	PromptConfig	interface	false	true	0	0	0	18	@genkit-ai/ai/lib/generate-3xWOiUzB.d.ts
.	PromptGenerateOptions	typeAlias	false	true	0	0	0	0	@genkit-ai/ai/lib/generate-3xWOiUzB.d.ts
.	RankedDocument	class	true	true	0	0	1	4	@genkit-ai/ai/lib/reranker.d.ts
.	ReflectionServer	class	true	true	0	0	1	13	@genkit-ai/core/lib/reflection.d.ts
.	ReflectionServerOptions	interface	false	true	0	0	0	4	@genkit-ai/core/lib/reflection.d.ts
.	RerankerAction	typeAlias	false	true	0	1	0	0	@genkit-ai/ai/lib/reranker.d.ts
.	RerankerArgument	typeAlias	false	true	0	0	0	0	@genkit-ai/ai/lib/reranker.d.ts
.	RerankerInfo	typeAlias	false	true	0	0	0	0	@genkit-ai/ai/lib/reranker.d.ts
.	RerankerParams	interface	false	true	0	0	0	4	@genkit-ai/ai/lib/reranker.d.ts
.	rerankerRef	function	true	false	1	0	0	0	@genkit-ai/ai/lib/reranker.d.ts
.	RerankerReference	interface	false	true	0	0	0	3	@genkit-ai/ai/lib/reranker.d.ts
.	resource	function	true	false	1	0	0	0	@genkit-ai/ai/lib/resource.d.ts
.	ResourceAction	interface	false	true	0	1	0	1	@genkit-ai/ai/lib/resource.d.ts
.	ResumeOptions	interface	false	true	0	0	0	3	@genkit-ai/ai/lib/generate-3xWOiUzB.d.ts
.	RetrieverAction	typeAlias	false	true	0	1	0	0	@genkit-ai/ai/lib/retriever.d.ts
.	RetrieverArgument	typeAlias	false	true	0	0	0	0	@genkit-ai/ai/lib/retriever.d.ts
.	RetrieverInfo	typeAlias	false	true	0	0	0	0	@genkit-ai/ai/lib/retriever.d.ts
.	RetrieverParams	interface	false	true	0	0	0	3	@genkit-ai/ai/lib/retriever.d.ts
.	retrieverRef	function	true	false	1	0	0	0	@genkit-ai/ai/lib/retriever.d.ts
.	RetrieverReference	interface	false	true	0	0	0	3	@genkit-ai/ai/lib/retriever.d.ts
.	Role	typeAlias	false	true	0	0	0	0	@genkit-ai/ai/lib/model-types.d.ts
.	RoleSchema	variable	true	false	0	0	0	0	@genkit-ai/ai/lib/model-types.d.ts
.	RunActionResponse	typeAlias	false	true	0	0	0	0	@genkit-ai/core/lib/reflection.d.ts
.	runWithStreamingCallback	function	true	false	1	0	0	0	@genkit-ai/core/lib/action-B8ZNjCZm.d.ts
.	Session	class	true	true	0	0	1	14	@genkit-ai/ai/lib/session.d.ts
.	SessionData	interface	false	true	0	0	0	3	@genkit-ai/ai/lib/session.d.ts
.	SessionStore	interface	false	true	0	0	0	2	@genkit-ai/ai/lib/session.d.ts
.	Status	typeAlias	false	true	0	0	0	0	@genkit-ai/core/lib/statusTypes.d.ts
.	StatusCodes	enum	true	true	0	0	0	0	@genkit-ai/core/lib/statusTypes.d.ts
.	StatusName	typeAlias	false	true	0	0	0	0	@genkit-ai/core/lib/statusTypes.d.ts
.	StatusSchema	variable	true	false	0	0	0	0	@genkit-ai/core/lib/statusTypes.d.ts
.	StreamingCallback	typeAlias	false	true	0	1	0	0	@genkit-ai/core/lib/action-B8ZNjCZm.d.ts
.	StreamingResponse	interface	false	true	0	0	0	2	@genkit-ai/core/lib/action-B8ZNjCZm.d.ts
.	TelemetryConfig	typeAlias	false	true	0	0	0	0	@genkit-ai/core/lib/telemetryTypes.d.ts
.	tool	function	true	false	1	0	0	0	@genkit-ai/ai/lib/generate-3xWOiUzB.d.ts
.	Tool	typeAlias	false	true	0	0	0	0	@genkit-ai/ai/lib/types.d.ts
.	ToolAction	typeAlias	false	true	0	1	0	0	@genkit-ai/ai/lib/generate-3xWOiUzB.d.ts
.	ToolArgument	typeAlias	false	true	0	0	0	0	@genkit-ai/ai/lib/generate-3xWOiUzB.d.ts
.	ToolCall	typeAlias	false	true	0	0	0	0	@genkit-ai/ai/lib/types.d.ts
.	ToolCallSchema	variable	true	false	0	0	0	0	@genkit-ai/ai/lib/types.d.ts
.	ToolChoice	typeAlias	false	true	0	0	0	0	@genkit-ai/ai/lib/generate-3xWOiUzB.d.ts
.	ToolConfig	interface	false	true	0	0	0	7	@genkit-ai/ai/lib/generate-3xWOiUzB.d.ts
.	ToolInterruptError	class	true	true	0	0	1	2	@genkit-ai/ai/lib/generate-3xWOiUzB.d.ts
.	ToolRequest	typeAlias	false	true	0	0	0	0	@genkit-ai/ai/lib/document-SEV6zxye.d.ts
.	ToolRequestPart	typeAlias	false	true	0	0	0	0	@genkit-ai/ai/lib/document-SEV6zxye.d.ts
.	ToolResponse	typeAlias	false	true	0	0	0	0	@genkit-ai/ai/lib/document-SEV6zxye.d.ts
.	ToolResponsePart	typeAlias	false	true	0	0	0	0	@genkit-ai/ai/lib/document-SEV6zxye.d.ts
.	ToolSchema	variable	true	false	0	0	0	0	@genkit-ai/ai/lib/types.d.ts
.	UserFacingError	class	true	true	0	0	1	1	@genkit-ai/core/lib/action-B8ZNjCZm.d.ts
.	z	other	true	false	0	0	0	0	zod/v3/external.d.cts
./registry	ActionType	typeAlias	false	true	0	0	0	0	@genkit-ai/core/lib/action-B8ZNjCZm.d.ts
./registry	AsyncProvider	typeAlias	false	true	0	1	0	0	@genkit-ai/core/lib/action-B8ZNjCZm.d.ts
./registry	Registry	class	true	true	0	0	1	29	@genkit-ai/core/lib/action-B8ZNjCZm.d.ts
./registry	Schema	interface	false	true	0	0	0	2	@genkit-ai/core/lib/action-B8ZNjCZm.d.ts
./beta	Action	typeAlias	false	true	0	1	0	0	@genkit-ai/core/lib/action-B8ZNjCZm.d.ts
./beta	ActionContext	interface	false	true	0	0	0	2	@genkit-ai/core/lib/context.d.ts
./beta	ActionMetadata	interface	false	true	0	0	0	9	@genkit-ai/core/lib/action-B8ZNjCZm.d.ts
./beta	BaseDataPointSchema	variable	true	false	0	0	0	0	@genkit-ai/ai/lib/evaluator.d.ts
./beta	Chat	class	true	true	0	0	1	10	@genkit-ai/ai/lib/session.d.ts
./beta	defineJsonSchema	function	true	false	1	0	0	0	@genkit-ai/core/lib/action-B8ZNjCZm.d.ts
./beta	defineSchema	function	true	false	1	0	0	0	@genkit-ai/core/lib/action-B8ZNjCZm.d.ts
./beta	Document	class	true	true	0	0	1	12	@genkit-ai/ai/lib/document-SEV6zxye.d.ts
./beta	DocumentData	typeAlias	false	true	0	0	0	0	@genkit-ai/ai/lib/document-SEV6zxye.d.ts
./beta	DocumentDataSchema	variable	true	false	0	0	0	0	@genkit-ai/ai/lib/document-SEV6zxye.d.ts
./beta	DynamicActionProviderAction	typeAlias	false	true	0	1	0	0	@genkit-ai/core/lib/dynamic-action-provider.d.ts
./beta	dynamicResource	function	true	false	1	0	0	0	@genkit-ai/ai/lib/resource.d.ts
./beta	DynamicResourceAction	typeAlias	false	true	0	1	0	0	@genkit-ai/ai/lib/resource.d.ts
./beta	dynamicTool	function	true	false	1	0	0	0	@genkit-ai/ai/lib/generate-3xWOiUzB.d.ts
./beta	EmbedderAction	typeAlias	false	true	0	1	0	0	@genkit-ai/ai/lib/document-SEV6zxye.d.ts
./beta	embedderActionMetadata	function	true	false	1	0	0	0	@genkit-ai/ai/lib/document-SEV6zxye.d.ts
./beta	EmbedderArgument	typeAlias	false	true	0	0	0	0	@genkit-ai/ai/lib/document-SEV6zxye.d.ts
./beta	EmbedderInfo	typeAlias	false	true	0	0	0	0	@genkit-ai/ai/lib/document-SEV6zxye.d.ts
./beta	EmbedderParams	interface	false	true	0	0	0	4	@genkit-ai/ai/lib/document-SEV6zxye.d.ts
./beta	embedderRef	function	true	false	1	0	0	0	@genkit-ai/ai/lib/document-SEV6zxye.d.ts
./beta	EmbedderReference	interface	false	true	0	0	0	5	@genkit-ai/ai/lib/document-SEV6zxye.d.ts
./beta	Embedding	typeAlias	false	true	0	0	0	0	@genkit-ai/ai/lib/document-SEV6zxye.d.ts
./beta	EvalResponses	typeAlias	false	true	0	0	0	0	@genkit-ai/ai/lib/evaluator.d.ts
./beta	EvaluatorAction	typeAlias	false	true	0	1	0	0	@genkit-ai/ai/lib/evaluator.d.ts
./beta	EvaluatorInfo	typeAlias	false	true	0	0	0	0	@genkit-ai/ai/lib/evaluator.d.ts
./beta	EvaluatorParams	interface	false	true	0	0	0	4	@genkit-ai/ai/lib/evaluator.d.ts
./beta	evaluatorRef	function	true	false	1	0	0	0	@genkit-ai/ai/lib/evaluator.d.ts
./beta	EvaluatorReference	interface	false	true	0	0	0	3	@genkit-ai/ai/lib/evaluator.d.ts
./beta	ExecutablePrompt	interface	false	true	0	1	0	5	@genkit-ai/ai/lib/generate-3xWOiUzB.d.ts
./beta	Flow	interface	false	true	0	1	0	0	@genkit-ai/core/lib/flow.d.ts
./beta	FlowConfig	interface	false	true	0	0	0	5	@genkit-ai/core/lib/flow.d.ts
./beta	FlowFn	typeAlias	false	true	0	1	0	0	@genkit-ai/core/lib/flow.d.ts
./beta	FlowSideChannel	interface	false	true	0	1	0	1	@genkit-ai/core/lib/flow.d.ts
./beta	GenerateOptions	interface	false	true	0	0	0	20	@genkit-ai/ai/lib/generate-3xWOiUzB.d.ts
./beta	GenerateRequest	interface	false	true	0	0	0	1	@genkit-ai/ai/lib/model-types.d.ts
./beta	GenerateRequestData	typeAlias	false	true	0	0	0	0	@genkit-ai/ai/lib/model-types.d.ts
./beta	GenerateResponse	class	true	true	0	0	1	23	@genkit-ai/ai/lib/generate/response.d.ts
./beta	GenerateResponseChunk	class	true	true	0	0	1	16	@genkit-ai/ai/lib/generate/chunk.d.ts
./beta	GenerateResponseChunkData	typeAlias	false	true	0	0	0	0	@genkit-ai/ai/lib/model-types.d.ts
./beta	GenerateResponseData	typeAlias	false	true	0	0	0	0	@genkit-ai/ai/lib/model-types.d.ts
./beta	GenerateStreamOptions	typeAlias	false	true	0	0	0	0	@genkit-ai/ai/lib/generate-3xWOiUzB.d.ts
./beta	GenerateStreamResponse	interface	false	true	0	0	0	2	@genkit-ai/ai/lib/generate-3xWOiUzB.d.ts
./beta	GenerationBlockedError	class	true	true	0	0	1	0	@genkit-ai/ai/lib/generate-3xWOiUzB.d.ts
./beta	GenerationCommonConfigSchema	variable	true	false	0	0	0	0	@genkit-ai/ai/lib/model-types.d.ts
./beta	GenerationResponseError	class	true	true	0	0	1	2	@genkit-ai/ai/lib/generate-3xWOiUzB.d.ts
./beta	GenerationUsage	typeAlias	false	true	0	0	0	0	@genkit-ai/ai/lib/model-types.d.ts
./beta	genkit	function	true	false	1	0	0	0	genkit/lib/genkit-beta.d.ts
./beta	GENKIT_CLIENT_HEADER	variable	true	false	0	0	0	0	@genkit-ai/core/lib/index.d.ts
./beta	GENKIT_VERSION	variable	true	false	0	0	0	0	@genkit-ai/core/lib/index.d.ts
./beta	GenkitBeta	class	true	true	0	0	1	10	genkit/lib/genkit-beta.d.ts
./beta	GenkitBetaOptions	interface	false	true	0	0	0	6	genkit/lib/index-Cd4YWqZH.d.ts
./beta	GenkitError	class	true	true	0	0	1	7	@genkit-ai/core/lib/action-B8ZNjCZm.d.ts
./beta	getClientHeader	function	true	false	1	0	0	0	@genkit-ai/core/lib/index.d.ts
./beta	getCurrentEnv	function	true	false	1	0	0	0	@genkit-ai/core/lib/utils.d.ts
./beta	getStreamingCallback	function	true	false	1	0	0	0	@genkit-ai/core/lib/action-B8ZNjCZm.d.ts
./beta	IndexerAction	typeAlias	false	true	0	1	0	0	@genkit-ai/ai/lib/retriever.d.ts
./beta	IndexerArgument	typeAlias	false	true	0	0	0	0	@genkit-ai/ai/lib/retriever.d.ts
./beta	IndexerInfo	typeAlias	false	true	0	0	0	0	@genkit-ai/ai/lib/retriever.d.ts
./beta	IndexerParams	interface	false	true	0	0	0	3	@genkit-ai/ai/lib/retriever.d.ts
./beta	indexerRef	function	true	false	1	0	0	0	@genkit-ai/ai/lib/retriever.d.ts
./beta	IndexerReference	interface	false	true	0	0	0	3	@genkit-ai/ai/lib/retriever.d.ts
./beta	InterruptConfig	typeAlias	false	true	0	0	0	0	@genkit-ai/ai/lib/generate-3xWOiUzB.d.ts
./beta	isDevEnv	function	true	false	1	0	0	0	@genkit-ai/core/lib/utils.d.ts
./beta	JSONSchema	typeAlias	false	true	0	0	0	0	@genkit-ai/core/lib/action-B8ZNjCZm.d.ts
./beta	JSONSchema7	interface	false	true	0	0	0	47	@types/json-schema/index.d.ts
./beta	LlmResponse	typeAlias	false	true	0	0	0	0	@genkit-ai/ai/lib/types.d.ts
./beta	LlmResponseSchema	variable	true	false	0	0	0	0	@genkit-ai/ai/lib/types.d.ts
./beta	LlmStats	typeAlias	false	true	0	0	0	0	@genkit-ai/ai/lib/types.d.ts
./beta	LlmStatsSchema	variable	true	false	0	0	0	0	@genkit-ai/ai/lib/types.d.ts
./beta	MediaPart	typeAlias	false	true	0	0	0	0	@genkit-ai/ai/lib/document-SEV6zxye.d.ts
./beta	Message	class	true	true	0	0	1	17	@genkit-ai/ai/lib/message.d.ts
./beta	MessageData	typeAlias	false	true	0	0	0	0	@genkit-ai/ai/lib/model-types.d.ts
./beta	MessageSchema	variable	true	false	0	0	0	0	@genkit-ai/ai/lib/model-types.d.ts
./beta	Middleware	typeAlias	false	true	0	1	0	0	@genkit-ai/core/lib/action-B8ZNjCZm.d.ts
./beta	modelActionMetadata	function	true	false	1	0	0	0	@genkit-ai/ai/lib/model-BBzPDrC1.d.ts
./beta	ModelArgument	typeAlias	false	true	0	0	0	0	@genkit-ai/ai/lib/model-BBzPDrC1.d.ts
./beta	modelRef	function	true	false	1	0	0	0	@genkit-ai/ai/lib/model-BBzPDrC1.d.ts
./beta	ModelReference	interface	false	true	0	0	0	7	@genkit-ai/ai/lib/model-BBzPDrC1.d.ts
./beta	ModelRequest	interface	false	true	0	0	0	1	@genkit-ai/ai/lib/model-types.d.ts
./beta	ModelRequestSchema	variable	true	false	0	0	0	0	@genkit-ai/ai/lib/model-types.d.ts
./beta	ModelResponseData	typeAlias	false	true	0	0	0	0	@genkit-ai/ai/lib/model-types.d.ts
./beta	ModelResponseSchema	variable	true	false	0	0	0	0	@genkit-ai/ai/lib/model-types.d.ts
./beta	Operation	interface	false	true	0	0	0	6	@genkit-ai/core/lib/action-B8ZNjCZm.d.ts
./beta	OperationSchema	variable	true	false	0	0	0	0	@genkit-ai/core/lib/action-B8ZNjCZm.d.ts
./beta	OutputOptions	interface	false	true	0	0	0	6	@genkit-ai/ai/lib/generate-3xWOiUzB.d.ts
./beta	Part	typeAlias	false	true	0	0	0	0	@genkit-ai/ai/lib/model-types.d.ts
./beta	PartSchema	variable	true	false	0	0	0	0	@genkit-ai/ai/lib/model-types.d.ts
./beta	PromptAction	typeAlias	false	true	0	1	0	0	@genkit-ai/ai/lib/generate-3xWOiUzB.d.ts
./beta	PromptConfig	interface	false	true	0	0	0	18	@genkit-ai/ai/lib/generate-3xWOiUzB.d.ts
./beta	PromptGenerateOptions	typeAlias	false	true	0	0	0	0	@genkit-ai/ai/lib/generate-3xWOiUzB.d.ts
./beta	RankedDocument	class	true	true	0	0	1	4	@genkit-ai/ai/lib/reranker.d.ts
./beta	ReflectionServer	class	true	true	0	0	1	13	@genkit-ai/core/lib/reflection.d.ts
./beta	ReflectionServerOptions	interface	false	true	0	0	0	4	@genkit-ai/core/lib/reflection.d.ts
./beta	RerankerAction	typeAlias	false	true	0	1	0	0	@genkit-ai/ai/lib/reranker.d.ts
./beta	RerankerArgument	typeAlias	false	true	0	0	0	0	@genkit-ai/ai/lib/reranker.d.ts
./beta	RerankerInfo	typeAlias	false	true	0	0	0	0	@genkit-ai/ai/lib/reranker.d.ts
./beta	RerankerParams	interface	false	true	0	0	0	4	@genkit-ai/ai/lib/reranker.d.ts
./beta	rerankerRef	function	true	false	1	0	0	0	@genkit-ai/ai/lib/reranker.d.ts
./beta	RerankerReference	interface	false	true	0	0	0	3	@genkit-ai/ai/lib/reranker.d.ts
./beta	resource	function	true	false	1	0	0	0	@genkit-ai/ai/lib/resource.d.ts
./beta	ResourceAction	interface	false	true	0	1	0	1	@genkit-ai/ai/lib/resource.d.ts
./beta	ResumeOptions	interface	false	true	0	0	0	3	@genkit-ai/ai/lib/generate-3xWOiUzB.d.ts
./beta	RetrieverAction	typeAlias	false	true	0	1	0	0	@genkit-ai/ai/lib/retriever.d.ts
./beta	RetrieverArgument	typeAlias	false	true	0	0	0	0	@genkit-ai/ai/lib/retriever.d.ts
./beta	RetrieverInfo	typeAlias	false	true	0	0	0	0	@genkit-ai/ai/lib/retriever.d.ts
./beta	RetrieverParams	interface	false	true	0	0	0	3	@genkit-ai/ai/lib/retriever.d.ts
./beta	retrieverRef	function	true	false	1	0	0	0	@genkit-ai/ai/lib/retriever.d.ts
./beta	RetrieverReference	interface	false	true	0	0	0	3	@genkit-ai/ai/lib/retriever.d.ts
./beta	Role	typeAlias	false	true	0	0	0	0	@genkit-ai/ai/lib/model-types.d.ts
./beta	RoleSchema	variable	true	false	0	0	0	0	@genkit-ai/ai/lib/model-types.d.ts
./beta	RunActionResponse	typeAlias	false	true	0	0	0	0	@genkit-ai/core/lib/reflection.d.ts
./beta	runWithStreamingCallback	function	true	false	1	0	0	0	@genkit-ai/core/lib/action-B8ZNjCZm.d.ts
./beta	Session	class	true	true	0	0	1	14	@genkit-ai/ai/lib/session.d.ts
./beta	SessionData	interface	false	true	0	0	0	3	@genkit-ai/ai/lib/session.d.ts
./beta	SessionStore	interface	false	true	0	0	0	2	@genkit-ai/ai/lib/session.d.ts
./beta	Status	typeAlias	false	true	0	0	0	0	@genkit-ai/core/lib/statusTypes.d.ts
./beta	StatusCodes	enum	true	true	0	0	0	0	@genkit-ai/core/lib/statusTypes.d.ts
./beta	StatusName	typeAlias	false	true	0	0	0	0	@genkit-ai/core/lib/statusTypes.d.ts
./beta	StatusSchema	variable	true	false	0	0	0	0	@genkit-ai/core/lib/statusTypes.d.ts
./beta	StreamingCallback	typeAlias	false	true	0	1	0	0	@genkit-ai/core/lib/action-B8ZNjCZm.d.ts
./beta	StreamingResponse	interface	false	true	0	0	0	2	@genkit-ai/core/lib/action-B8ZNjCZm.d.ts
./beta	TelemetryConfig	typeAlias	false	true	0	0	0	0	@genkit-ai/core/lib/telemetryTypes.d.ts
./beta	tool	function	true	false	1	0	0	0	@genkit-ai/ai/lib/generate-3xWOiUzB.d.ts
./beta	Tool	typeAlias	false	true	0	0	0	0	@genkit-ai/ai/lib/types.d.ts
./beta	ToolAction	typeAlias	false	true	0	1	0	0	@genkit-ai/ai/lib/generate-3xWOiUzB.d.ts
./beta	ToolArgument	typeAlias	false	true	0	0	0	0	@genkit-ai/ai/lib/generate-3xWOiUzB.d.ts
./beta	ToolCall	typeAlias	false	true	0	0	0	0	@genkit-ai/ai/lib/types.d.ts
./beta	ToolCallSchema	variable	true	false	0	0	0	0	@genkit-ai/ai/lib/types.d.ts
./beta	ToolChoice	typeAlias	false	true	0	0	0	0	@genkit-ai/ai/lib/generate-3xWOiUzB.d.ts
./beta	ToolConfig	interface	false	true	0	0	0	7	@genkit-ai/ai/lib/generate-3xWOiUzB.d.ts
./beta	ToolInterruptError	class	true	true	0	0	1	2	@genkit-ai/ai/lib/generate-3xWOiUzB.d.ts
./beta	ToolRequest	typeAlias	false	true	0	0	0	0	@genkit-ai/ai/lib/document-SEV6zxye.d.ts
./beta	ToolRequestPart	typeAlias	false	true	0	0	0	0	@genkit-ai/ai/lib/document-SEV6zxye.d.ts
./beta	ToolResponse	typeAlias	false	true	0	0	0	0	@genkit-ai/ai/lib/document-SEV6zxye.d.ts
./beta	ToolResponsePart	typeAlias	false	true	0	0	0	0	@genkit-ai/ai/lib/document-SEV6zxye.d.ts
./beta	ToolSchema	variable	true	false	0	0	0	0	@genkit-ai/ai/lib/types.d.ts
./beta	UserFacingError	class	true	true	0	0	1	1	@genkit-ai/core/lib/action-B8ZNjCZm.d.ts
./beta	z	other	true	false	0	0	0	0	zod/v3/external.d.cts
./tracing	appendSpan	function	true	false	1	0	0	0	@genkit-ai/core/lib/tracing/instrumentation.d.ts
./tracing	disableOTelRootSpanDetection	function	true	false	1	0	0	0	@genkit-ai/core/lib/tracing/instrumentation.d.ts
./tracing	enableTelemetry	function	true	false	1	0	0	0	@genkit-ai/core/lib/tracing.d.ts
./tracing	flushTracing	function	true	false	1	0	0	0	@genkit-ai/core/lib/tracing.d.ts
./tracing	PathMetadata	typeAlias	false	true	0	0	0	0	@genkit-ai/core/lib/tracing/types.d.ts
./tracing	runInNewSpan	function	true	false	2	0	0	0	@genkit-ai/core/lib/tracing/instrumentation.d.ts
./tracing	setCustomMetadataAttribute	function	true	false	1	0	0	0	@genkit-ai/core/lib/tracing/instrumentation.d.ts
./tracing	setCustomMetadataAttributes	function	true	false	1	0	0	0	@genkit-ai/core/lib/tracing/instrumentation.d.ts
./tracing	setTelemetryServerUrl	function	true	false	1	0	0	0	@genkit-ai/core/lib/tracing/exporter.d.ts
./tracing	SPAN_TYPE_ATTR	variable	true	false	0	0	0	0	@genkit-ai/core/lib/tracing/instrumentation.d.ts
./tracing	SpanContextSchema	variable	true	false	0	0	0	0	@genkit-ai/core/lib/tracing/types.d.ts
./tracing	SpanData	typeAlias	false	true	0	0	0	0	@genkit-ai/core/lib/tracing/types.d.ts
./tracing	SpanDataSchema	variable	true	false	0	0	0	0	@genkit-ai/core/lib/tracing/types.d.ts
./tracing	SpanMetadata	typeAlias	false	true	0	0	0	0	@genkit-ai/core/lib/tracing/types.d.ts
./tracing	SpanMetadataSchema	variable	true	false	0	0	0	0	@genkit-ai/core/lib/tracing/types.d.ts
./tracing	SpanStatusSchema	variable	true	false	0	0	0	0	@genkit-ai/core/lib/tracing/types.d.ts
./tracing	TimeEventSchema	variable	true	false	0	0	0	0	@genkit-ai/core/lib/tracing/types.d.ts
./tracing	toDisplayPath	function	true	false	1	0	0	0	@genkit-ai/core/lib/tracing/instrumentation.d.ts
./tracing	TraceData	typeAlias	false	true	0	0	0	0	@genkit-ai/core/lib/tracing/types.d.ts
./tracing	TraceDataSchema	variable	true	false	0	0	0	0	@genkit-ai/core/lib/tracing/types.d.ts
./tracing	TraceMetadata	typeAlias	false	true	0	0	0	0	@genkit-ai/core/lib/tracing/types.d.ts
./tracing	TraceMetadataSchema	variable	true	false	0	0	0	0	@genkit-ai/core/lib/tracing/types.d.ts
./tracing	TraceServerExporter	class	true	true	0	0	1	6	@genkit-ai/core/lib/tracing/exporter.d.ts
./logging	logger	variable	true	false	0	0	0	0	@genkit-ai/core/lib/logging.d.ts
./schema	JSONSchema	typeAlias	false	true	0	0	0	0	@genkit-ai/core/lib/action-B8ZNjCZm.d.ts
./schema	parseSchema	function	true	false	1	0	0	0	@genkit-ai/core/lib/action-B8ZNjCZm.d.ts
./schema	ProvidedSchema	interface	false	true	0	0	0	2	@genkit-ai/core/lib/action-B8ZNjCZm.d.ts
./schema	toJsonSchema	function	true	false	1	0	0	0	@genkit-ai/core/lib/action-B8ZNjCZm.d.ts
./schema	validateSchema	function	true	false	1	0	0	0	@genkit-ai/core/lib/action-B8ZNjCZm.d.ts
./schema	ValidationError	class	true	true	0	0	1	1	@genkit-ai/core/lib/action-B8ZNjCZm.d.ts
./schema	ValidationErrorDetail	interface	false	true	0	0	0	2	@genkit-ai/core/lib/action-B8ZNjCZm.d.ts
./schema	ValidationResponse	typeAlias	false	true	0	0	0	0	@genkit-ai/core/lib/action-B8ZNjCZm.d.ts
./formats	FormatArgument	typeAlias	false	true	0	0	0	0	@genkit-ai/ai/lib/formats/index.d.ts
./formats	Formatter	interface	false	true	0	0	0	3	@genkit-ai/ai/lib/formats/types.d.ts
./retriever	CommonRetrieverOptionsSchema	variable	true	false	0	0	0	0	@genkit-ai/ai/lib/retriever.d.ts
./retriever	Document	class	true	true	0	0	1	12	@genkit-ai/ai/lib/document-SEV6zxye.d.ts
./retriever	DocumentData	typeAlias	false	true	0	0	0	0	@genkit-ai/ai/lib/document-SEV6zxye.d.ts
./retriever	DocumentDataSchema	variable	true	false	0	0	0	0	@genkit-ai/ai/lib/document-SEV6zxye.d.ts
./retriever	IndexerAction	typeAlias	false	true	0	1	0	0	@genkit-ai/ai/lib/retriever.d.ts
./retriever	IndexerArgument	typeAlias	false	true	0	0	0	0	@genkit-ai/ai/lib/retriever.d.ts
./retriever	IndexerFn	typeAlias	false	true	0	1	0	0	@genkit-ai/ai/lib/retriever.d.ts
./retriever	IndexerInfo	typeAlias	false	true	0	0	0	0	@genkit-ai/ai/lib/retriever.d.ts
./retriever	IndexerInfoSchema	variable	true	false	0	0	0	0	@genkit-ai/ai/lib/retriever.d.ts
./retriever	IndexerParams	interface	false	true	0	0	0	3	@genkit-ai/ai/lib/retriever.d.ts
./retriever	indexerRef	function	true	false	1	0	0	0	@genkit-ai/ai/lib/retriever.d.ts
./retriever	IndexerReference	interface	false	true	0	0	0	3	@genkit-ai/ai/lib/retriever.d.ts
./retriever	MediaPart	typeAlias	false	true	0	0	0	0	@genkit-ai/ai/lib/document-SEV6zxye.d.ts
./retriever	Part	typeAlias	false	true	0	0	0	0	@genkit-ai/ai/lib/document-SEV6zxye.d.ts
./retriever	RetrieverAction	typeAlias	false	true	0	1	0	0	@genkit-ai/ai/lib/retriever.d.ts
./retriever	RetrieverArgument	typeAlias	false	true	0	0	0	0	@genkit-ai/ai/lib/retriever.d.ts
./retriever	RetrieverFn	typeAlias	false	true	0	1	0	0	@genkit-ai/ai/lib/retriever.d.ts
./retriever	RetrieverInfo	typeAlias	false	true	0	0	0	0	@genkit-ai/ai/lib/retriever.d.ts
./retriever	RetrieverInfoSchema	variable	true	false	0	0	0	0	@genkit-ai/ai/lib/retriever.d.ts
./retriever	RetrieverParams	interface	false	true	0	0	0	3	@genkit-ai/ai/lib/retriever.d.ts
./retriever	retrieverRef	function	true	false	1	0	0	0	@genkit-ai/ai/lib/retriever.d.ts
./retriever	RetrieverReference	interface	false	true	0	0	0	3	@genkit-ai/ai/lib/retriever.d.ts
./retriever	SimpleRetrieverOptions	interface	false	true	0	0	0	4	@genkit-ai/ai/lib/retriever.d.ts
./retriever	TextPart	typeAlias	false	true	0	0	0	0	@genkit-ai/ai/lib/document-SEV6zxye.d.ts
./reranker	CommonRerankerOptionsSchema	variable	true	false	0	0	0	0	@genkit-ai/ai/lib/reranker.d.ts
./reranker	RankedDocument	class	true	true	0	0	1	4	@genkit-ai/ai/lib/reranker.d.ts
./reranker	RankedDocumentData	typeAlias	false	true	0	0	0	0	@genkit-ai/ai/lib/reranker.d.ts
./reranker	RankedDocumentDataSchema	variable	true	false	0	0	0	0	@genkit-ai/ai/lib/reranker.d.ts
./reranker	RerankerAction	typeAlias	false	true	0	1	0	0	@genkit-ai/ai/lib/reranker.d.ts
./reranker	RerankerArgument	typeAlias	false	true	0	0	0	0	@genkit-ai/ai/lib/reranker.d.ts
./reranker	RerankerInfo	typeAlias	false	true	0	0	0	0	@genkit-ai/ai/lib/reranker.d.ts
./reranker	RerankerInfoSchema	variable	true	false	0	0	0	0	@genkit-ai/ai/lib/reranker.d.ts
./reranker	RerankerParams	interface	false	true	0	0	0	4	@genkit-ai/ai/lib/reranker.d.ts
./reranker	rerankerRef	function	true	false	1	0	0	0	@genkit-ai/ai/lib/reranker.d.ts
./reranker	RerankerReference	interface	false	true	0	0	0	3	@genkit-ai/ai/lib/reranker.d.ts
./embedder	EmbedderAction	typeAlias	false	true	0	1	0	0	@genkit-ai/ai/lib/document-SEV6zxye.d.ts
./embedder	EmbedderArgument	typeAlias	false	true	0	0	0	0	@genkit-ai/ai/lib/document-SEV6zxye.d.ts
./embedder	EmbedderInfo	typeAlias	false	true	0	0	0	0	@genkit-ai/ai/lib/document-SEV6zxye.d.ts
./embedder	EmbedderInfoSchema	variable	true	false	0	0	0	0	@genkit-ai/ai/lib/document-SEV6zxye.d.ts
./embedder	EmbedderParams	interface	false	true	0	0	0	4	@genkit-ai/ai/lib/document-SEV6zxye.d.ts
./embedder	embedderRef	function	true	false	1	0	0	0	@genkit-ai/ai/lib/document-SEV6zxye.d.ts
./embedder	EmbedderReference	interface	false	true	0	0	0	5	@genkit-ai/ai/lib/document-SEV6zxye.d.ts
./embedder	Embedding	typeAlias	false	true	0	0	0	0	@genkit-ai/ai/lib/document-SEV6zxye.d.ts
./embedder	EmbeddingBatch	typeAlias	false	true	0	0	0	0	@genkit-ai/ai/lib/document-SEV6zxye.d.ts
./evaluator	BaseDataPoint	typeAlias	false	true	0	0	0	0	@genkit-ai/ai/lib/evaluator.d.ts
./evaluator	BaseDataPointSchema	variable	true	false	0	0	0	0	@genkit-ai/ai/lib/evaluator.d.ts
./evaluator	BaseEvalDataPoint	typeAlias	false	true	0	0	0	0	@genkit-ai/ai/lib/evaluator.d.ts
./evaluator	BaseEvalDataPointSchema	variable	true	false	0	0	0	0	@genkit-ai/ai/lib/evaluator.d.ts
./evaluator	Dataset	typeAlias	false	true	0	0	0	0	@genkit-ai/ai/lib/evaluator.d.ts
./evaluator	EvalResponse	typeAlias	false	true	0	0	0	0	@genkit-ai/ai/lib/evaluator.d.ts
./evaluator	EvalResponses	typeAlias	false	true	0	0	0	0	@genkit-ai/ai/lib/evaluator.d.ts
./evaluator	EvalResponseSchema	variable	true	false	0	0	0	0	@genkit-ai/ai/lib/evaluator.d.ts
./evaluator	EvalResponsesSchema	variable	true	false	0	0	0	0	@genkit-ai/ai/lib/evaluator.d.ts
./evaluator	EvalStatusEnum	enum	true	true	0	0	0	0	@genkit-ai/ai/lib/evaluator.d.ts
./evaluator	EvaluatorAction	typeAlias	false	true	0	1	0	0	@genkit-ai/ai/lib/evaluator.d.ts
./evaluator	EvaluatorArgument	typeAlias	false	true	0	0	0	0	@genkit-ai/ai/lib/evaluator.d.ts
./evaluator	EvaluatorInfo	typeAlias	false	true	0	0	0	0	@genkit-ai/ai/lib/evaluator.d.ts
./evaluator	EvaluatorInfoSchema	variable	true	false	0	0	0	0	@genkit-ai/ai/lib/evaluator.d.ts
./evaluator	EvaluatorParams	interface	false	true	0	0	0	4	@genkit-ai/ai/lib/evaluator.d.ts
./evaluator	evaluatorRef	function	true	false	1	0	0	0	@genkit-ai/ai/lib/evaluator.d.ts
./evaluator	EvaluatorReference	interface	false	true	0	0	0	3	@genkit-ai/ai/lib/evaluator.d.ts
./evaluator	Score	typeAlias	false	true	0	0	0	0	@genkit-ai/ai/lib/evaluator.d.ts
./evaluator	ScoreSchema	variable	true	false	0	0	0	0	@genkit-ai/ai/lib/evaluator.d.ts
./model	BackgroundModelAction	typeAlias	false	true	0	0	0	0	@genkit-ai/ai/lib/model-BBzPDrC1.d.ts
./model	CandidateData	typeAlias	false	true	0	0	0	0	@genkit-ai/ai/lib/model-types.d.ts
./model	CandidateError	typeAlias	false	true	0	0	0	0	@genkit-ai/ai/lib/model-types.d.ts
./model	CandidateErrorSchema	variable	true	false	0	0	0	0	@genkit-ai/ai/lib/model-types.d.ts
./model	CandidateSchema	variable	true	false	0	0	0	0	@genkit-ai/ai/lib/model-types.d.ts
./model	CustomPart	typeAlias	false	true	0	0	0	0	@genkit-ai/ai/lib/document-SEV6zxye.d.ts
./model	CustomPartSchema	variable	true	false	0	0	0	0	@genkit-ai/ai/lib/document-SEV6zxye.d.ts
./model	DataPart	typeAlias	false	true	0	0	0	0	@genkit-ai/ai/lib/document-SEV6zxye.d.ts
./model	DataPartSchema	variable	true	false	0	0	0	0	@genkit-ai/ai/lib/document-SEV6zxye.d.ts
./model	DefineBackgroundModelOptions	typeAlias	false	true	0	0	0	0	@genkit-ai/ai/lib/model-BBzPDrC1.d.ts
./model	DefineModelOptions	typeAlias	false	true	0	0	0	0	@genkit-ai/ai/lib/model-BBzPDrC1.d.ts
./model	GenerateRequest	interface	false	true	0	0	0	1	@genkit-ai/ai/lib/model-types.d.ts
./model	GenerateRequestData	typeAlias	false	true	0	0	0	0	@genkit-ai/ai/lib/model-types.d.ts
./model	GenerateRequestSchema	variable	true	false	0	0	0	0	@genkit-ai/ai/lib/model-types.d.ts
./model	GenerateResponseChunkData	typeAlias	false	true	0	0	0	0	@genkit-ai/ai/lib/model-types.d.ts
./model	GenerateResponseChunkSchema	variable	true	false	0	0	0	0	@genkit-ai/ai/lib/model-types.d.ts
./model	GenerateResponseData	typeAlias	false	true	0	0	0	0	@genkit-ai/ai/lib/model-types.d.ts
./model	GenerateResponseSchema	variable	true	false	0	0	0	0	@genkit-ai/ai/lib/model-types.d.ts
./model	GenerationCommonConfig	typeAlias	false	true	0	0	0	0	@genkit-ai/ai/lib/model-types.d.ts
./model	GenerationCommonConfigDescriptions	variable	true	false	0	0	0	0	@genkit-ai/ai/lib/model-types.d.ts
./model	GenerationCommonConfigSchema	variable	true	false	0	0	0	0	@genkit-ai/ai/lib/model-types.d.ts
./model	GenerationUsage	typeAlias	false	true	0	0	0	0	@genkit-ai/ai/lib/model-types.d.ts
./model	GenerationUsageSchema	variable	true	false	0	0	0	0	@genkit-ai/ai/lib/model-types.d.ts
./model	getBasicUsageStats	function	true	false	1	0	0	0	@genkit-ai/ai/lib/model-BBzPDrC1.d.ts
./model	MediaPart	typeAlias	false	true	0	0	0	0	@genkit-ai/ai/lib/document-SEV6zxye.d.ts
./model	MediaPartSchema	variable	true	false	0	0	0	0	@genkit-ai/ai/lib/document-SEV6zxye.d.ts
./model	MessageData	typeAlias	false	true	0	0	0	0	@genkit-ai/ai/lib/model-types.d.ts
./model	MessageSchema	variable	true	false	0	0	0	0	@genkit-ai/ai/lib/model-types.d.ts
./model	ModelAction	typeAlias	false	true	0	1	0	0	@genkit-ai/ai/lib/model-BBzPDrC1.d.ts
./model	ModelArgument	typeAlias	false	true	0	0	0	0	@genkit-ai/ai/lib/model-BBzPDrC1.d.ts
./model	ModelInfo	typeAlias	false	true	0	0	0	0	@genkit-ai/ai/lib/model-types.d.ts
./model	ModelInfoSchema	variable	true	false	0	0	0	0	@genkit-ai/ai/lib/model-types.d.ts
./model	ModelMiddleware	typeAlias	false	true	0	1	0	0	@genkit-ai/ai/lib/model-BBzPDrC1.d.ts
./model	modelRef	function	true	false	1	0	0	0	@genkit-ai/ai/lib/model-BBzPDrC1.d.ts
./model	ModelReference	interface	false	true	0	0	0	7	@genkit-ai/ai/lib/model-BBzPDrC1.d.ts
./model	ModelRequest	interface	false	true	0	0	0	1	@genkit-ai/ai/lib/model-types.d.ts
./model	ModelRequestSchema	variable	true	false	0	0	0	0	@genkit-ai/ai/lib/model-types.d.ts
./model	ModelResponseChunkData	typeAlias	false	true	0	0	0	0	@genkit-ai/ai/lib/model-types.d.ts
./model	ModelResponseData	typeAlias	false	true	0	0	0	0	@genkit-ai/ai/lib/model-types.d.ts
./model	ModelResponseSchema	variable	true	false	0	0	0	0	@genkit-ai/ai/lib/model-types.d.ts
./model	OutputConfig	typeAlias	false	true	0	0	0	0	@genkit-ai/ai/lib/model-types.d.ts
./model	Part	typeAlias	false	true	0	0	0	0	@genkit-ai/ai/lib/model-types.d.ts
./model	PartSchema	variable	true	false	0	0	0	0	@genkit-ai/ai/lib/model-types.d.ts
./model	Role	typeAlias	false	true	0	0	0	0	@genkit-ai/ai/lib/model-types.d.ts
./model	RoleSchema	variable	true	false	0	0	0	0	@genkit-ai/ai/lib/model-types.d.ts
./model	simulateConstrainedGeneration	function	true	false	1	0	0	0	@genkit-ai/ai/lib/model-BBzPDrC1.d.ts
./model	TextPart	typeAlias	false	true	0	0	0	0	@genkit-ai/ai/lib/document-SEV6zxye.d.ts
./model	TextPartSchema	variable	true	false	0	0	0	0	@genkit-ai/ai/lib/document-SEV6zxye.d.ts
./model	ToolDefinition	typeAlias	false	true	0	0	0	0	@genkit-ai/ai/lib/model-types.d.ts
./model	ToolDefinitionSchema	variable	true	false	0	0	0	0	@genkit-ai/ai/lib/model-types.d.ts
./model	ToolRequestPart	typeAlias	false	true	0	0	0	0	@genkit-ai/ai/lib/document-SEV6zxye.d.ts
./model	ToolRequestPartSchema	variable	true	false	0	0	0	0	@genkit-ai/ai/lib/document-SEV6zxye.d.ts
./model	ToolResponsePart	typeAlias	false	true	0	0	0	0	@genkit-ai/ai/lib/document-SEV6zxye.d.ts
./model	ToolResponsePartSchema	variable	true	false	0	0	0	0	@genkit-ai/ai/lib/document-SEV6zxye.d.ts
./model/middleware	augmentWithContext	function	true	false	1	0	0	0	@genkit-ai/ai/lib/model-BBzPDrC1.d.ts
./model/middleware	AugmentWithContextOptions	interface	false	true	0	0	0	3	@genkit-ai/ai/lib/model-BBzPDrC1.d.ts
./model/middleware	downloadRequestMedia	function	true	false	1	0	0	0	@genkit-ai/ai/lib/model-BBzPDrC1.d.ts
./model/middleware	simulateSystemPrompt	function	true	false	1	0	0	0	@genkit-ai/ai/lib/model-BBzPDrC1.d.ts
./model/middleware	validateSupport	function	true	false	1	0	0	0	@genkit-ai/ai/lib/model-BBzPDrC1.d.ts
./extract	extractJson	function	true	false	2	0	0	0	@genkit-ai/ai/lib/extract.d.ts
./extract	parsePartialJson	function	true	false	1	0	0	0	@genkit-ai/ai/lib/extract.d.ts
./testing	testModels	function	true	false	1	0	0	0	@genkit-ai/ai/lib/testing/model-tester.d.ts
./tool	asTool	function	true	false	1	0	0	0	@genkit-ai/ai/lib/generate-3xWOiUzB.d.ts
./tool	dynamicTool	function	true	false	1	0	0	0	@genkit-ai/ai/lib/generate-3xWOiUzB.d.ts
./tool	interrupt	function	true	false	1	0	0	0	@genkit-ai/ai/lib/generate-3xWOiUzB.d.ts
./tool	tool	function	true	false	1	0	0	0	@genkit-ai/ai/lib/generate-3xWOiUzB.d.ts
./tool	ToolAction	typeAlias	false	true	0	1	0	0	@genkit-ai/ai/lib/generate-3xWOiUzB.d.ts
./tool	ToolArgument	typeAlias	false	true	0	0	0	0	@genkit-ai/ai/lib/generate-3xWOiUzB.d.ts
./tool	ToolConfig	interface	false	true	0	0	0	7	@genkit-ai/ai/lib/generate-3xWOiUzB.d.ts
./tool	toToolDefinition	function	true	false	1	0	0	0	@genkit-ai/ai/lib/generate-3xWOiUzB.d.ts
./plugin	backgroundModel	function	true	false	1	0	0	0	@genkit-ai/ai/lib/model-BBzPDrC1.d.ts
./plugin	embedder	function	true	false	1	0	0	0	@genkit-ai/ai/lib/document-SEV6zxye.d.ts
./plugin	embedderActionMetadata	function	true	false	1	0	0	0	@genkit-ai/ai/lib/document-SEV6zxye.d.ts
./plugin	evaluator	function	true	false	1	0	0	0	@genkit-ai/ai/lib/evaluator.d.ts
./plugin	genkitPlugin	function	true	false	1	0	0	0	genkit/lib/index-Cd4YWqZH.d.ts
./plugin	GenkitPlugin	typeAlias	false	true	0	1	0	0	genkit/lib/index-Cd4YWqZH.d.ts
./plugin	genkitPluginV2	function	true	false	1	0	0	0	genkit/lib/index-Cd4YWqZH.d.ts
./plugin	GenkitPluginV2	interface	false	true	0	0	0	5	genkit/lib/index-Cd4YWqZH.d.ts
./plugin	indexer	function	true	false	1	0	0	0	@genkit-ai/ai/lib/retriever.d.ts
./plugin	isPluginV2	function	true	false	1	0	0	0	genkit/lib/index-Cd4YWqZH.d.ts
./plugin	model	function	true	false	1	0	0	0	@genkit-ai/ai/lib/model-BBzPDrC1.d.ts
./plugin	modelActionMetadata	function	true	false	1	0	0	0	@genkit-ai/ai/lib/model-BBzPDrC1.d.ts
./plugin	PluginActionResolver	typeAlias	false	true	0	1	0	0	genkit/lib/index-Cd4YWqZH.d.ts
./plugin	PluginInit	typeAlias	false	true	0	1	0	0	genkit/lib/index-Cd4YWqZH.d.ts
./plugin	PluginProvider	interface	false	true	0	0	0	4	genkit/lib/index-Cd4YWqZH.d.ts
./plugin	reranker	function	true	false	1	0	0	0	@genkit-ai/ai/lib/reranker.d.ts
./plugin	ResolvableAction	typeAlias	false	true	0	0	0	0	genkit/lib/index-Cd4YWqZH.d.ts
./plugin	retriever	function	true	false	1	0	0	0	@genkit-ai/ai/lib/retriever.d.ts
./beta/client	runFlow	function	true	false	1	0	0	0	genkit/lib/client/client.d.ts
./beta/client	streamFlow	function	true	false	1	0	0	0	genkit/lib/client/client.d.ts
./context	apiKey	function	true	false	2	0	0	0	@genkit-ai/core/lib/context.d.ts
./context	ApiKeyContext	interface	false	true	0	0	0	1	@genkit-ai/core/lib/context.d.ts
./context	ContextProvider	typeAlias	false	true	0	1	0	0	@genkit-ai/core/lib/context.d.ts
./context	getCallableJSON	function	true	false	1	0	0	0	@genkit-ai/core/lib/action-B8ZNjCZm.d.ts
./context	getHttpStatus	function	true	false	1	0	0	0	@genkit-ai/core/lib/action-B8ZNjCZm.d.ts
./context	RequestData	interface	false	true	0	0	0	3	@genkit-ai/core/lib/context.d.ts
